"Id","FirstName","LastName","Age","Gender","Country","Job","Email"
"1","Evelyn","Cattach","33","Female","Sweden","Staff Accountant I","ecattach0@wikipedia.org"
"3","Rayshell","Rozea","32","Female","Brazil","Administrative Assistant I","rrozea2@mit.edu"
"6","Minetta","Talboy","25","Female","Finland","Marketing Assistant","mtalboy5@msu.edu"
"8","Reiko","Benallack","26","Female","China","VP Quality Control","rbenallack7@taobao.com"
"10","Melesa","Wollen","18","Female","Slovenia","Developer II","mwollen9@google.it"
"20","Dodi","Reiglar","22","Female","Colombia","Recruiting Manager","dreiglarj@furl.net"
"23","Joellen","Rosen","31","Female","Philippines","Biostatistician IV","jrosenm@discovery.com"
"24","Karalee","Edwin","33","Female","Ukraine","Statistician III","kedwinn@hugedomains.com"
"37","Holly-anne","Hubbins","27","Female","Russia","Civil Engineer","hhubbins10@google.com"
"42","Leisha","Cordeux","34","Female","Russia","Design Engineer","lcordeux15@blogger.com"
"43","Odelle","Cottel","26","Female","Tanzania","Mechanical Systems Engineer","ocottel16@wordpress.com"
"48","Ronni","Greenrde","28","Female","Indonesia","Marketing Manager","rgreenrde1b@microsoft.com"
